  Line,  Analysis,             Time Code,           Port,  Inj Nr,  d(18_16)Mean,    d(D_H)Mean,      H2O_Mean,  Ignore, Good,                            Identifier 1,                            Identifier 2,   Gas Configuration,Timestamp Mean,   d(18_16)_SD,     d(D_H)_SD,        H2O_SD,   d(18_16)_Sl,     d(D_H)_Sl,        H2O_Sl,baseline_shift,   slope_shift,     residuals,baseline_curvature,      interval,       ch4_ppm,  h16od_adjust,   h16od_shift,n2_flag,      DAS Temp,      Tray,  Sample,     Job,    Method,Error Code
     1,   P-12975,   2020/10/19 13:12:21,           1-01,       1,       -17.795,       -98.013,         23744,      -1,    0,                                     TAP,                            Conditioning,                 H2O, 1603106246.99,         0.259,         0.793,       287.216,        -0.002,        -0.005,         6.708,       101.397,        21.906,         2.702,       104.469,         0.733,         2.063,       -0.0000,       -0.0000,    0,        40.125,         1,       1,       1,Picarro pre rinse,       0
     2,   P-12975,   2020/10/19 13:21:28,           1-01,       2,       -17.169,       -93.610,         20936,      -1,    1,                                     TAP,                            Conditioning,                 H2O, 1603106793.93,         0.255,         0.858,       265.431,        -0.002,        -0.005,         6.265,        87.680,        19.330,         2.443,        94.004,         0.733,         2.206,        0.0000,        0.0000,    0,        40.125,         1,       1,       1,Picarro pre rinse,       0
     3,   P-12975,   2020/10/19 13:30:36,           1-01,       3,       -17.130,       -92.719,         19600,      -1,    1,                                     TAP,                            Conditioning,                 H2O, 1603107342.39,         0.262,         0.835,       245.959,        -0.001,        -0.004,         5.807,        81.706,        18.347,         2.202,        85.887,         0.733,         1.698,        0.0000,        0.0000,    0,        40.188,         1,       1,       1,Picarro pre rinse,       0
     4,   P-12975,   2020/10/19 13:39:42,           1-01,       4,       -17.093,       -92.513,         19686,       0,    1,                                     TAP,                            Conditioning,                 H2O, 1603107888.64,         0.253,         0.871,       236.308,        -0.001,        -0.003,         5.615,        82.008,        18.011,         2.287,        87.951,         0.729,         1.929,       -0.0000,       -0.0000,    0,        40.250,         1,       1,       1,Picarro pre rinse,       0
     5,   P-12975,   2020/10/19 13:48:50,           1-01,       5,       -17.008,       -92.292,         19465,       0,    1,                                     TAP,                            Conditioning,                 H2O, 1603108435.63,         0.268,         0.827,       228.575,        -0.002,        -0.001,         5.428,        81.215,        17.783,         2.180,        85.929,         0.729,         1.684,       -0.0000,       -0.0000,    0,        40.250,         1,       1,       1,Picarro pre rinse,       0
     6,   P-12975,   2020/10/19 13:57:58,           1-01,       6,       -16.920,       -92.242,         19560,       0,    1,                                     TAP,                            Conditioning,                 H2O, 1603108984.18,         0.297,         0.876,       219.855,        -0.003,        -0.000,         5.224,        81.753,        17.897,         2.142,        85.966,         0.729,         1.390,        0.0000,        0.0000,    0,        40.312,         1,       1,       1,Picarro pre rinse,       0
     7,   P-12975,   2020/10/19 14:07:06,           1-01,       7,       -16.889,       -92.260,         19497,       0,    1,                                     TAP,                            Conditioning,                 H2O, 1603109531.50,         0.276,         0.839,       215.749,        -0.002,        -0.001,         5.127,        81.767,        17.667,         2.086,        84.487,         0.728,         1.148,        0.0000,        0.0000,    0,        40.438,         1,       1,       1,Picarro pre rinse,       0
     8,   P-12975,   2020/10/19 14:16:13,           1-01,       8,       -16.896,       -92.327,         19407,       0,    1,                                     TAP,                            Conditioning,                 H2O, 1603110079.21,         0.248,         0.805,       211.561,        -0.001,        -0.004,         5.028,        81.737,        17.278,         2.007,        82.540,         0.728,         0.673,        0.0000,        0.0000,    0,        40.438,         1,       1,       1,Picarro pre rinse,       0
     9,   P-12975,   2020/10/19 14:25:20,           1-01,       9,       -16.804,       -92.133,         19496,       0,    1,                                     TAP,                            Conditioning,                 H2O, 1603110626.17,         0.253,         0.834,       208.430,        -0.001,         0.000,         4.956,        82.063,        17.799,         1.995,        82.995,         0.728,         0.687,        0.0000,        0.0000,    0,        40.438,         1,       1,       1,Picarro pre rinse,       0
    10,   P-12975,   2020/10/19 14:34:28,           1-01,      10,       -16.785,       -92.194,         19798,       0,    1,                                     TAP,                            Conditioning,                 H2O, 1603111174.28,         0.259,         0.824,       205.870,        -0.002,        -0.003,         4.870,        83.521,        17.905,         2.027,        84.050,         0.728,         0.657,        0.0000,        0.0000,    0,        40.438,         1,       1,       1,Picarro pre rinse,       0
    11,   P-12976,   2020/10/19 14:43:35,           1-02,       1,        -4.793,       -17.371,         19370,      -1,    1,                                   HAUS1,                                Standard,                 H2O, 1603111721.72,         0.292,         0.965,       205.596,        -0.003,        -0.013,         4.862,        81.592,        17.522,         1.961,        81.781,         0.728,         0.444,       -0.0000,       -0.0000,    0,        40.500,         1,       2,       1,Picarro pre rinse,       0
    12,   P-12976,   2020/10/19 14:52:44,           1-02,       2,        -3.217,        -1.795,         15904,      -1,    1,                                   HAUS1,                                Standard,                 H2O, 1603112269.95,         0.293,         1.048,       187.610,        -0.004,        -0.010,         4.527,        66.108,        13.812,         1.552,        66.741,         0.728,         0.058,        0.0000,        0.0000,    0,        40.500,         1,       2,       1,Picarro pre rinse,       0
    13,   P-12976,   2020/10/19 15:01:52,           1-02,       3,        -2.864,         3.405,         17487,      -1,    1,                                   HAUS1,                                Standard,                 H2O, 1603112817.96,         0.294,         0.829,       189.492,        -0.003,        -0.006,         4.549,        73.071,        15.277,         1.771,        74.981,         0.728,         0.399,       -0.0000,       -0.0000,    0,        40.500,         1,       2,       1,Picarro pre rinse,       0
    14,   P-12976,   2020/10/19 15:10:59,           1-02,       4,        -2.632,         5.978,         19675,       0,    1,                                   HAUS1,                                Standard,                 H2O, 1603113364.71,         0.258,         1.134,       194.069,        -0.002,        -0.011,         4.611,        83.232,        17.682,         1.966,        82.490,         0.729,         0.239,       -0.0000,       -0.0000,    0,        40.562,         1,       2,       1,Picarro pre rinse,       0
    15,   P-12976,   2020/10/19 15:20:06,           1-02,       5,        -2.695,         6.314,         20420,       0,    1,                                   HAUS1,                                Standard,                 H2O, 1603113912.11,         0.272,         0.845,       200.561,         0.001,         0.001,         4.740,        86.784,        17.674,         2.092,        87.199,         0.728,         0.431,        0.0000,        0.0000,    0,        40.500,         1,       2,       1,Picarro pre rinse,       0
    16,   P-12976,   2020/10/19 15:29:14,           1-02,       6,        -2.579,         7.432,         20188,       0,    1,                                   HAUS1,                                Standard,                 H2O, 1603114459.96,         0.258,         0.856,       198.259,         0.002,         0.003,         4.681,        86.052,        16.608,         2.068,        86.986,         0.733,         0.327,       -0.0000,       -0.0000,    0,        40.500,         1,       2,       1,Picarro pre rinse,       0
    17,   P-12976,   2020/10/19 15:38:21,           1-02,       7,        -2.610,         7.874,         20097,       0,    1,                                   HAUS1,                                Standard,                 H2O, 1603115006.58,         0.255,         0.834,       195.817,         0.001,         0.003,         4.646,        85.376,        15.932,         2.188,        89.175,         0.733,         0.756,        0.0000,        0.0000,    0,        40.500,         1,       2,       1,Picarro pre rinse,       0
    18,   P-12976,   2020/10/19 15:47:29,           1-02,       8,        -2.525,         8.394,         19598,       0,    1,                                   HAUS1,                                Standard,                 H2O, 1603115555.23,         0.262,         0.838,       194.687,         0.001,         0.004,         4.619,        83.042,        14.723,         2.168,        89.340,         0.733,         1.020,       -0.0000,       -0.0000,    0,        40.438,         1,       2,       1,Picarro pre rinse,       0
    19,   P-12976,   2020/10/19 15:56:37,           1-02,       9,        -2.445,         9.329,         18467,       0,    1,                                   HAUS1,                                Standard,                 H2O, 1603116103.20,         0.253,         0.900,       189.691,        -0.001,        -0.006,         4.524,        77.951,        13.115,         2.089,        85.551,         0.733,         1.066,        0.0000,        0.0000,    0,        40.438,         1,       2,       1,Picarro pre rinse,       0
    20,   P-12976,   2020/10/19 16:05:46,           1-02,      10,        -2.598,         8.684,         19056,       0,    1,                                   HAUS1,                                Standard,                 H2O, 1603116651.66,         0.268,         0.801,       185.203,        -0.001,        -0.000,         4.416,        80.782,        13.375,         2.150,        87.958,         0.733,         1.005,       -0.0000,       -0.0000,    0,        40.438,         1,       2,       1,Picarro pre rinse,       0
    21,   P-12977,   2020/10/19 16:14:53,           1-03,       1,       -28.208,      -169.760,         18640,      -1,    1,                                   HAUS2,                                Standard,                 H2O, 1603117199.33,         0.252,         1.166,       184.738,         0.002,         0.020,         4.406,        79.070,        13.333,         2.046,        83.913,         0.733,         0.889,        0.0000,        0.0000,    0,        40.438,         1,       3,       1,Picarro pre rinse,       0
    22,   P-12977,   2020/10/19 16:24:01,           1-03,       2,       -32.082,      -210.788,         20150,      -1,    1,                                   HAUS2,                                Standard,                 H2O, 1603117747.35,         0.303,         1.367,       189.865,         0.003,         0.027,         4.492,        85.575,        15.399,         2.249,        91.102,         0.732,         1.360,        0.0000,        0.0000,    0,        40.500,         1,       3,       1,Picarro pre rinse,       0
    23,   P-12977,   2020/10/19 16:33:08,           1-03,       3,       -32.724,      -221.857,         19415,      -1,    1,                                   HAUS2,                                Standard,                 H2O, 1603118294.46,         0.241,         1.048,       184.446,         0.001,         0.017,         4.376,        81.899,        14.848,         2.272,        88.655,         0.733,         1.537,       -0.0000,       -0.0000,    0,        40.438,         1,       3,       1,Picarro pre rinse,       0
    24,   P-12977,   2020/10/19 16:42:17,           1-03,       4,       -33.214,      -227.014,         19989,       0,    1,                                   HAUS2,                                Standard,                 H2O, 1603118842.56,         0.258,         1.207,       192.813,         0.003,         0.022,         4.553,        84.725,        15.041,         2.327,        91.059,         0.733,         1.519,        0.0000,        0.0000,    0,        40.438,         1,       3,       1,Picarro pre rinse,       0
    25,   P-12977,   2020/10/19 16:51:25,           1-03,       5,       -33.079,      -227.937,         20450,       0,    1,                                   HAUS2,                                Standard,                 H2O, 1603119390.57,         0.253,         0.872,       186.498,         0.000,         0.012,         4.389,        86.521,        16.561,         2.317,        91.877,         0.732,         1.589,       -0.0000,       -0.0000,    0,        40.375,         1,       3,       1,Picarro pre rinse,       0
    26,   P-12977,   2020/10/19 17:00:32,           1-03,       6,       -33.392,      -230.173,         19830,       0,    1,                                   HAUS2,                                Standard,                 H2O, 1603119937.44,         0.243,         0.935,       183.837,         0.001,         0.013,         4.365,        82.897,        16.969,         2.295,        89.954,         0.733,         1.861,        0.0000,        0.0000,    0,        40.375,         1,       3,       1,Picarro pre rinse,       0
    27,   P-12977,   2020/10/19 17:09:41,           1-03,       7,       -33.335,      -230.575,         19259,       0,    1,                                   HAUS2,                                Standard,                 H2O, 1603120486.36,         0.271,         0.864,       182.263,         0.001,         0.010,         4.328,        80.189,        17.091,         2.212,        86.089,         0.733,         1.748,        0.0000,        0.0000,    0,        40.438,         1,       3,       1,Picarro pre rinse,       0
    28,   P-12977,   2020/10/19 17:18:49,           1-03,       8,       -33.526,      -231.258,         19449,       0,    1,                                   HAUS2,                                Standard,                 H2O, 1603121034.53,         0.232,         0.848,       182.848,        -0.000,         0.009,         4.341,        80.850,        17.807,         2.226,        85.936,         0.733,         1.789,       -0.0000,       -0.0000,    0,        40.438,         1,       3,       1,Picarro pre rinse,       0
    29,   P-12977,   2020/10/19 17:27:56,           1-03,       9,       -33.504,      -231.602,         19209,       0,    1,                                   HAUS2,                                Standard,                 H2O, 1603121582.13,         0.225,         0.775,       178.639,        -0.000,         0.007,         4.239,        79.398,        18.134,         2.187,        84.718,         0.733,         1.868,       -0.0000,       -0.0000,    0,        40.438,         1,       3,       1,Picarro pre rinse,       0
    30,   P-12977,   2020/10/19 17:37:05,           1-03,      10,       -33.613,      -232.415,         19347,       0,    1,                                   HAUS2,                                Standard,                 H2O, 1603122130.94,         0.245,         0.982,       179.595,         0.000,         0.013,         4.284,        80.030,        18.328,         2.197,        85.101,         0.733,         1.893,        0.0000,        0.0000,    0,        40.438,         1,       3,       1,Picarro pre rinse,       0
    31,   P-12978,   2020/10/19 17:46:14,           1-04,       1,       -19.365,      -125.692,         18502,      -1,    1,                                     TAP,                                Standard,                 H2O, 1603122679.97,         0.280,         0.950,       173.125,        -0.003,        -0.011,         4.129,        76.079,        17.353,         2.128,        82.448,         0.733,         1.825,        0.0000,        0.0000,    0,        40.375,         1,       4,       1,Picarro pre rinse,       0
    32,   P-12978,   2020/10/19 17:55:23,           1-04,       2,       -17.428,      -103.126,         19295,      -1,    1,                                     TAP,                                Standard,                 H2O, 1603123228.39,         0.253,         0.838,       176.762,        -0.001,        -0.002,         4.216,        79.664,        17.779,         2.249,        87.224,         0.733,         2.061,        0.0000,        0.0000,    0,        40.375,         1,       4,       1,Picarro pre rinse,       0
    33,   P-12978,   2020/10/19 18:04:31,           1-04,       3,       -17.053,       -96.580,         19498,      -1,    1,                                     TAP,                                Standard,                 H2O, 1603123776.88,         0.269,         0.858,       180.309,        -0.001,        -0.002,         4.279,        80.613,        18.771,         2.200,        85.264,         0.733,         1.731,        0.0000,        0.0000,    0,        40.375,         1,       4,       1,Picarro pre rinse,       0
    34,   P-12978,   2020/10/19 18:13:39,           1-04,       4,       -16.905,       -94.153,         19372,       0,    1,                                     TAP,                                Standard,                 H2O, 1603124324.81,         0.245,         0.864,       177.543,        -0.001,        -0.002,         4.236,        79.898,        18.297,         2.262,        86.613,         0.733,         2.064,       -0.0000,       -0.0000,    0,        40.375,         1,       4,       1,Picarro pre rinse,       0
    35,   P-12978,   2020/10/19 18:22:48,           1-04,       5,       -16.851,       -93.177,         19123,       0,    1,                                     TAP,                                Standard,                 H2O, 1603124874.45,         0.255,         0.814,       173.249,        -0.001,        -0.004,         4.113,        78.809,        17.849,         2.216,        85.595,         0.733,         2.020,       -0.0000,       -0.0000,    0,        40.312,         1,       4,       1,Picarro pre rinse,       0
    36,   P-12978,   2020/10/19 18:31:57,           1-04,       6,       -17.000,       -93.594,         19300,       0,    1,                                     TAP,                                Standard,                 H2O, 1603125423.21,         0.278,         0.861,       177.534,         0.001,         0.007,         4.214,        79.548,        18.163,         2.222,        86.612,         0.733,         2.038,       -0.0000,       -0.0000,    0,        40.250,         1,       4,       1,Picarro pre rinse,       0
    37,   P-12978,   2020/10/19 18:41:04,           1-04,       7,       -16.943,       -92.961,         19340,       0,    1,                                     TAP,                                Standard,                 H2O, 1603125970.12,         0.253,         0.875,       178.220,         0.002,         0.009,         4.229,        79.569,        18.546,         2.242,        86.157,         0.733,         2.062,        0.0000,        0.0000,    0,        40.250,         1,       4,       1,Picarro pre rinse,       0
    38,   P-12978,   2020/10/19 18:50:12,           1-04,       8,       -16.764,       -92.011,         19132,       0,    1,                                     TAP,                                Standard,                 H2O, 1603126518.37,         0.233,         0.805,       175.103,        -0.000,         0.005,         4.155,        78.783,        18.826,         2.156,        83.596,         0.733,         1.723,       -0.0000,       -0.0000,    0,        40.188,         1,       4,       1,Picarro pre rinse,       0
    39,   P-12978,   2020/10/19 18:59:20,           1-04,       9,       -16.752,       -92.270,         19590,       0,    1,                                     TAP,                                Standard,                 H2O, 1603127065.84,         0.248,         0.878,       173.877,         0.001,         0.006,         4.127,        81.178,        18.811,         2.179,        85.183,         0.733,         1.560,       -0.0000,       -0.0000,    0,        40.188,         1,       4,       1,Picarro pre rinse,       0
    40,   P-12978,   2020/10/19 19:08:28,           1-04,      10,       -16.642,       -91.362,         19338,       0,    1,                                     TAP,                                Standard,                 H2O, 1603127614.30,         0.264,         0.824,       174.319,        -0.001,        -0.000,         4.137,        79.886,        18.391,         2.196,        85.559,         0.733,         1.784,       -0.0000,       -0.0000,    0,        40.188,         1,       4,       1,Picarro pre rinse,       0
    41,   P-12979,   2020/10/19 19:17:37,           1-05,       1,       -23.500,      -137.553,         19851,      -1,    1,                                    HUSN,                            Control HUSN,                 H2O, 1603128162.43,         0.229,         0.793,       173.625,        -0.000,         0.005,         4.122,        81.811,        19.620,         2.221,        87.047,         0.733,         1.936,        0.0000,        0.0000,    0,        40.188,         1,       5,       2,Picarro pre rinse,       0
    42,   P-12979,   2020/10/19 19:26:45,           1-05,       2,       -24.613,      -148.516,         19287,      -1,    1,                                    HUSN,                            Control HUSN,                 H2O, 1603128711.07,         0.237,         1.062,       175.785,         0.001,         0.013,         4.151,        79.470,        18.914,         2.131,        84.259,         0.733,         1.831,       -0.0000,       -0.0000,    0,        40.188,         1,       5,       2,Picarro pre rinse,       0
    43,   P-12979,   2020/10/19 19:35:54,           1-05,       3,       -24.652,      -150.347,         19617,      -1,    1,                                    HUSN,                            Control HUSN,                 H2O, 1603129259.51,         0.264,         0.803,       171.783,        -0.000,         0.006,         4.077,        81.142,        19.197,         2.182,        84.778,         0.733,         1.675,        0.0000,        0.0000,    0,        40.125,         1,       5,       2,Picarro pre rinse,       0
    44,   P-12979,   2020/10/19 19:45:01,           1-05,       4,       -24.840,      -152.033,         19783,       0,    1,                                    HUSN,                            Control HUSN,                 H2O, 1603129806.95,         0.277,         0.919,       177.614,         0.002,         0.011,         4.194,        81.412,        19.368,         2.272,        88.467,         0.733,         2.247,       -0.0000,       -0.0000,    0,        40.125,         1,       5,       2,Picarro pre rinse,       0
    45,   P-12980,   2020/10/19 19:54:10,           1-06,       1,       -17.682,      -105.420,         22152,      -1,    1,                                 SN20_10,                                      ND,                 H2O, 1603130355.64,         0.261,         0.817,       182.716,         0.001,         0.007,         4.292,        92.841,        21.682,         2.431,        96.266,         0.733,         1.987,        0.0000,        0.0000,    0,        40.125,         1,       6,       2,Picarro pre rinse,       0
    46,   P-12980,   2020/10/19 20:03:18,           1-06,       2,       -16.893,       -96.668,         18983,      -1,    1,                                 SN20_10,                                      ND,                 H2O, 1603130903.85,         0.232,         0.869,       173.999,         0.001,         0.003,         4.130,        78.147,        18.103,         2.152,        83.670,         0.733,         1.713,        0.0000,        0.0000,    0,        40.188,         1,       6,       2,Picarro pre rinse,       0
    47,   P-12980,   2020/10/19 20:12:26,           1-06,       3,       -16.693,       -94.181,         21413,      -1,    1,                                 SN20_10,                                      ND,                 H2O, 1603131451.87,         0.255,         0.849,       179.750,         0.001,         0.009,         4.225,        89.278,        20.974,         2.398,        93.726,         0.733,         2.035,       -0.0000,       -0.0000,    0,        40.188,         1,       6,       2,Picarro pre rinse,       0
    48,   P-12980,   2020/10/19 20:21:34,           1-06,       4,       -16.555,       -92.621,         19826,       0,    1,                                 SN20_10,                                      ND,                 H2O, 1603131999.39,         0.245,         0.817,       172.855,         0.000,         0.002,         4.103,        81.976,        19.494,         2.195,        86.100,         0.733,         1.774,        0.0000,        0.0000,    0,        40.125,         1,       6,       2,Picarro pre rinse,       0
    49,   P-12981,   2020/10/19 20:30:42,           1-07,       1,       -16.848,       -94.565,         19801,      -1,    1,                                 SN20_20,                                      ND,                 H2O, 1603132548.48,         0.247,         0.821,       170.449,        -0.000,        -0.000,         4.045,        81.751,        19.122,         2.232,        87.494,         0.733,         2.020,        0.0000,        0.0000,    0,        40.062,         1,       7,       2,Picarro pre rinse,       0
    50,   P-12981,   2020/10/19 20:39:52,           1-07,       2,       -16.883,       -95.081,         18515,      -1,    1,                                 SN20_20,                                      ND,                 H2O, 1603133097.84,         0.255,         0.777,       168.642,        -0.001,        -0.001,         4.023,        75.798,        18.256,         2.066,        80.783,         0.733,         1.736,        0.0000,        0.0000,    0,        40.062,         1,       7,       2,Picarro pre rinse,       0
    51,   P-12981,   2020/10/19 20:49:00,           1-07,       3,       -16.883,       -95.182,         21313,      -1,    1,                                 SN20_20,                                      ND,                 H2O, 1603133646.01,         0.250,         0.787,       173.898,         0.000,         0.000,         4.106,        88.816,        20.380,         2.456,        94.629,         0.733,         2.289,        0.0000,        0.0000,    0,        40.000,         1,       7,       2,Picarro pre rinse,       0
    52,   P-12981,   2020/10/19 20:58:09,           1-07,       4,       -16.921,       -94.969,         21030,       0,    1,                                 SN20_20,                                      ND,                 H2O, 1603134195.23,         0.267,         0.843,       171.786,        -0.001,        -0.001,         4.056,        87.381,        20.376,         2.396,        92.687,         0.733,         2.128,        0.0000,        0.0000,    0,        40.062,         1,       7,       2,Picarro pre rinse,       0
    53,   P-12982,   2020/10/19 21:07:17,           1-08,       1,       -16.686,       -93.432,         21185,      -1,    1,                                 SN20_30,                                      ND,                 H2O, 1603134742.76,         0.256,         0.870,       172.856,         0.001,         0.005,         4.081,        88.063,        20.388,         2.431,        93.977,         0.733,         2.120,        0.0000,        0.0000,    0,        40.125,         1,       8,       2,Picarro pre rinse,       0
    54,   P-12982,   2020/10/19 21:16:25,           1-08,       2,       -16.487,       -92.004,         20700,      -1,    1,                                 SN20_30,                                      ND,                 H2O, 1603135291.04,         0.253,         0.808,       171.719,        -0.001,        -0.002,         4.056,        85.912,        19.878,         2.392,        91.767,         0.733,         2.099,       -0.0000,       -0.0000,    0,        40.062,         1,       8,       2,Picarro pre rinse,       0
    55,   P-12982,   2020/10/19 21:25:32,           1-08,       3,       -16.527,       -92.228,         19577,      -1,    1,                                 SN20_30,                                      ND,                 H2O, 1603135838.21,         0.248,         0.815,       171.554,        -0.001,        -0.001,         4.072,        80.688,        19.283,         2.170,        85.122,         0.733,         1.739,        0.0000,        0.0000,    0,        40.062,         1,       8,       2,Picarro pre rinse,       0
    56,   P-12982,   2020/10/19 21:34:39,           1-08,       4,       -16.575,       -92.173,         19866,       0,    1,                                 SN20_30,                                      ND,                 H2O, 1603136384.97,         0.266,         0.767,       171.311,        -0.001,         0.001,         4.066,        81.981,        19.486,         2.227,        86.900,         0.733,         1.905,       -0.0000,       -0.0000,    0,        40.062,         1,       8,       2,Picarro pre rinse,       0
    57,   P-12983,   2020/10/19 21:43:46,           1-09,       1,       -16.525,       -91.037,         19160,      -1,    1,                                     TAP,                                 Control,                 H2O, 1603136932.54,         0.242,         0.855,       166.757,        -0.001,        -0.004,         3.957,        78.738,        18.699,         2.191,        84.458,         0.733,         1.898,       -0.0000,       -0.0000,    0,        40.000,         1,       9,       2,Picarro pre rinse,       0
    58,   P-12983,   2020/10/19 21:52:54,           1-09,       2,       -16.512,       -90.665,         19267,      -1,    1,                                     TAP,                                 Control,                 H2O, 1603137479.21,         0.251,         0.807,       166.102,        -0.000,        -0.001,         3.943,        79.223,        18.573,         2.238,        85.724,         0.733,         2.000,       -0.0000,       -0.0000,    0,        40.000,         1,       9,       2,Picarro pre rinse,       0
    59,   P-12983,   2020/10/19 22:02:01,           1-09,       3,       -16.501,       -90.563,         19510,      -1,    1,                                     TAP,                                 Control,                 H2O, 1603138026.73,         0.240,         0.853,       166.005,        -0.000,         0.000,         3.939,        80.500,        18.791,         2.185,        86.180,         0.733,         1.921,       -0.0000,       -0.0000,    0,        40.062,         1,       9,       2,Picarro pre rinse,       0
    60,   P-12983,   2020/10/19 22:11:08,           1-09,       4,       -16.529,       -90.776,         19290,       0,    1,                                     TAP,                                 Control,                 H2O, 1603138573.49,         0.278,         0.920,       167.187,         0.000,         0.004,         3.968,        79.602,        18.595,         2.201,        84.715,         0.733,         1.801,        0.0000,        0.0000,    0,        40.062,         1,       9,       2,Picarro pre rinse,       0
    61,   P-12984,   2020/10/19 22:20:15,           1-10,       1,       -16.481,       -91.547,         20056,      -1,    1,                                 SN20_40,                                      ND,                 H2O, 1603139121.60,         0.244,         0.730,       168.727,        -0.001,        -0.000,         4.004,        83.226,        19.454,         2.237,        87.412,         0.733,         1.830,       -0.0000,       -0.0000,    0,        40.062,         1,      10,       2,Picarro pre rinse,       0
    62,   P-12984,   2020/10/19 22:29:24,           1-10,       2,       -16.472,       -92.058,         19674,      -1,    1,                                 SN20_40,                                      ND,                 H2O, 1603139669.18,         0.263,         0.796,       165.807,         0.001,        -0.000,         3.935,        81.496,        19.219,         2.167,        84.928,         0.733,         1.620,       -0.0000,       -0.0000,    0,        40.188,         1,      10,       2,Picarro pre rinse,       0
    63,   P-12984,   2020/10/19 22:38:31,           1-10,       3,       -16.509,       -92.336,         19345,      -1,    1,                                 SN20_40,                                      ND,                 H2O, 1603140217.02,         0.239,         0.810,       167.414,        -0.001,         0.001,         3.993,        79.908,        18.729,         2.149,        84.141,         0.733,         1.609,        0.0000,        0.0000,    0,        40.125,         1,      10,       2,Picarro pre rinse,       0
    64,   P-12984,   2020/10/19 22:47:39,           1-10,       4,       -16.588,       -92.604,         19534,       0,    1,                                 SN20_40,                                      ND,                 H2O, 1603140764.77,         0.285,         0.889,       167.414,         0.001,         0.008,         3.972,        80.635,        18.850,         2.215,        85.889,         0.733,         1.896,       -0.0000,       -0.0000,    0,        40.188,         1,      10,       2,Picarro pre rinse,       0
    65,   P-12985,   2020/10/19 22:56:46,           1-11,       1,       -16.208,       -90.282,         19342,      -1,    1,                                 SN20_50,                                      ND,                 H2O, 1603141311.62,         0.255,         0.894,       163.712,        -0.000,         0.001,         3.885,        79.768,        18.862,         2.139,        84.960,         0.733,         1.783,       -0.0000,       -0.0000,    0,        40.188,         1,      11,       2,Picarro pre rinse,       0
    66,   P-12985,   2020/10/19 23:05:54,           1-11,       2,       -16.280,       -90.510,         19314,      -1,    1,                                 SN20_50,                                      ND,                 H2O, 1603141859.41,         0.258,         0.808,       163.637,         0.001,         0.006,         3.904,        79.734,        18.762,         2.203,        84.317,         0.733,         1.736,        0.0000,        0.0000,    0,        40.062,         1,      11,       2,Picarro pre rinse,       0
    67,   P-12985,   2020/10/19 23:15:02,           1-11,       3,       -16.211,       -90.068,         19579,      -1,    1,                                 SN20_50,                                      ND,                 H2O, 1603142408.12,         0.275,         0.864,       167.023,         0.001,         0.009,         3.964,        80.912,        18.809,         2.220,        86.289,         0.733,         1.915,       -0.0000,       -0.0000,    0,        40.125,         1,      11,       2,Picarro pre rinse,       0
    68,   P-12985,   2020/10/19 23:24:11,           1-11,       4,       -16.139,       -89.685,         19262,       0,    1,                                 SN20_50,                                      ND,                 H2O, 1603142956.45,         0.237,         0.773,       167.283,        -0.001,         0.001,         3.969,        79.635,        18.541,         2.143,        83.271,         0.733,         1.556,        0.0000,        0.0000,    0,        40.188,         1,      11,       2,Picarro pre rinse,       0
    69,   P-12986,   2020/10/19 23:33:19,           1-12,       1,       -15.771,       -86.846,         20180,      -1,    1,                                 SN20_60,                                      ND,                 H2O, 1603143505.02,         0.241,         0.698,       167.683,        -0.000,        -0.000,         3.960,        83.411,        19.419,         2.304,        89.791,         0.733,         2.072,        0.0000,        0.0000,    0,        40.188,         1,      12,       2,Picarro pre rinse,       0
    70,   P-12986,   2020/10/19 23:42:27,           1-12,       2,       -15.774,       -86.462,         19863,      -1,    1,                                 SN20_60,                                      ND,                 H2O, 1603144052.85,         0.243,         0.810,       165.868,         0.000,        -0.001,         3.936,        82.011,        19.365,         2.253,        87.642,         0.733,         1.981,        0.0000,        0.0000,    0,        40.188,         1,      12,       2,Picarro pre rinse,       0
    71,   P-12986,   2020/10/19 23:51:35,           1-12,       3,       -15.728,       -86.422,         19552,      -1,    1,                                 SN20_60,                                      ND,                 H2O, 1603144601.08,         0.268,         0.933,       166.325,         0.000,         0.004,         3.948,        80.882,        18.414,         2.182,        86.518,         0.733,         1.850,       -0.0000,       -0.0000,    0,        40.125,         1,      12,       2,Picarro pre rinse,       0
    72,   P-12986,   2020/10/20 00:00:44,           1-12,       4,       -15.738,       -86.213,         19305,       0,    1,                                 SN20_60,                                      ND,                 H2O, 1603145149.37,         0.263,         0.827,       165.541,        -0.001,         0.001,         3.929,        79.642,        18.837,         2.129,        83.635,         0.733,         1.595,        0.0000,        0.0000,    0,        40.125,         1,      12,       2,Picarro pre rinse,       0
    73,   P-12987,   2020/10/20 00:09:51,           1-13,       1,       -15.732,       -87.423,         21196,      -1,    1,                                 SN20_80,                                      ND,                 H2O, 1603145697.25,         0.251,         0.823,       166.214,         0.001,         0.003,         3.923,        88.236,        20.489,         2.422,        93.414,         0.733,         2.108,       -0.0000,       -0.0000,    0,        40.125,         1,      13,       2,Picarro pre rinse,       0
    74,   P-12987,   2020/10/20 00:18:59,           1-13,       2,       -15.720,       -87.231,         20564,      -1,    1,                                 SN20_80,                                      ND,                 H2O, 1603146244.83,         0.249,         0.787,       162.844,        -0.000,         0.000,         3.846,        85.280,        20.102,         2.292,        89.851,         0.733,         1.848,       -0.0000,       -0.0000,    0,        40.188,         1,      13,       2,Picarro pre rinse,       0
    75,   P-12987,   2020/10/20 00:28:08,           1-13,       3,       -15.781,       -87.392,         20373,      -1,    1,                                 SN20_80,                                      ND,                 H2O, 1603146793.78,         0.238,         0.754,       166.217,        -0.000,        -0.002,         3.924,        84.482,        19.723,         2.290,        89.094,         0.733,         1.906,       -0.0000,       -0.0000,    0,        40.125,         1,      13,       2,Picarro pre rinse,       0
    76,   P-12987,   2020/10/20 00:37:16,           1-13,       4,       -15.789,       -87.558,         20016,       0,    1,                                 SN20_80,                                      ND,                 H2O, 1603147341.70,         0.238,         0.827,       166.296,        -0.001,        -0.002,         3.945,        82.455,        19.763,         2.283,        88.070,         0.733,         1.964,       -0.0000,       -0.0000,    0,        40.062,         1,      13,       2,Picarro pre rinse,       0
    77,   P-12988,   2020/10/20 00:46:24,           1-14,       1,       -15.312,       -84.880,         20766,      -1,    1,                                 SN20_90,                                      ND,                 H2O, 1603147889.62,         0.247,         0.802,       167.603,        -0.001,         0.003,         3.957,        86.116,        20.375,         2.360,        90.843,         0.733,         1.971,       -0.0000,       -0.0000,    0,        40.062,         1,      14,       2,Picarro pre rinse,       0
    78,   P-12988,   2020/10/20 00:55:33,           1-14,       2,       -15.250,       -84.246,         19716,      -1,    1,                                 SN20_90,                                      ND,                 H2O, 1603148438.31,         0.245,         0.810,       164.302,        -0.001,         0.002,         3.899,        81.545,        19.049,         2.236,        85.931,         0.733,         1.678,       -0.0000,       -0.0000,    0,        40.125,         1,      14,       2,Picarro pre rinse,       0
    79,   P-12988,   2020/10/20 01:04:40,           1-14,       3,       -15.307,       -84.296,         19627,      -1,    1,                                 SN20_90,                                      ND,                 H2O, 1603148985.87,         0.240,         0.854,       162.420,        -0.001,        -0.000,         3.855,        80.831,        19.087,         2.223,        86.180,         0.733,         1.875,        0.0000,        0.0000,    0,        40.062,         1,      14,       2,Picarro pre rinse,       0
    80,   P-12988,   2020/10/20 01:13:48,           1-14,       4,       -15.372,       -84.757,         19591,       0,    1,                                 SN20_90,                                      ND,                 H2O, 1603149534.09,         0.243,         0.884,       166.178,         0.001,         0.006,         3.944,        80.627,        19.165,         2.182,        85.825,         0.733,         1.839,        0.0000,        0.0000,    0,        40.062,         1,      14,       2,Picarro pre rinse,       0
    81,   P-12989,   2020/10/20 01:22:56,           1-15,       1,       -14.894,       -81.597,         19700,      -1,    1,                                SN20_100,                                      ND,                 H2O, 1603150081.64,         0.260,         0.875,       163.820,        -0.001,         0.001,         3.887,        81.234,        19.217,         2.215,        86.004,         0.733,         1.774,       -0.0000,       -0.0000,    0,        40.062,         1,      15,       2,Picarro pre rinse,       0
    82,   P-12989,   2020/10/20 01:32:02,           1-15,       2,       -14.867,       -81.110,         17281,      -1,    1,                                SN20_100,                                      ND,                 H2O, 1603150628.37,         0.241,         0.861,       155.728,        -0.000,         0.001,         3.734,        70.439,        16.384,         1.934,        76.204,         0.733,         1.546,       -0.0000,       -0.0000,    0,        40.125,         1,      15,       2,Picarro pre rinse,       0
    83,   P-12989,   2020/10/20 01:41:08,           1-15,       3,       -14.993,       -81.613,         21360,      -1,    1,                                SN20_100,                                      ND,                 H2O, 1603151174.37,         0.249,         0.835,       166.449,         0.001,         0.007,         3.910,        88.834,        20.699,         2.466,        93.980,         0.733,         2.090,       -0.0000,       -0.0000,    0,        40.062,         1,      15,       2,Picarro pre rinse,       0
    84,   P-12989,   2020/10/20 01:50:15,           1-15,       4,       -14.881,       -81.217,         21359,       0,    1,                                SN20_100,                                      ND,                 H2O, 1603151720.66,         0.260,         0.857,       166.761,         0.001,         0.007,         3.937,        89.073,        20.756,         2.388,        92.846,         0.733,         1.834,        0.0000,        0.0000,    0,        40.062,         1,      15,       2,Picarro pre rinse,       0
    85,   P-12990,   2020/10/20 01:59:22,           1-16,       1,       -15.025,       -82.014,         18389,      -1,    1,                                SN20_110,                                      ND,                 H2O, 1603152267.37,         0.264,         0.818,       160.222,        -0.000,         0.001,         3.821,        74.958,        18.462,         2.092,        80.596,         0.733,         1.834,       -0.0000,       -0.0000,    0,        40.000,         1,      16,       2,Picarro pre rinse,       0
    86,   P-12990,   2020/10/20 02:08:29,           1-16,       2,       -15.005,       -82.632,         22698,      -1,    1,                                SN20_110,                                      ND,                 H2O, 1603152814.57,         0.281,         0.923,       168.777,         0.002,         0.009,         3.965,        95.061,        22.105,         2.630,       100.531,         0.733,         2.340,        0.0000,        0.0000,    0,        40.062,         1,      16,       2,Picarro pre rinse,       0
    87,   P-12990,   2020/10/20 02:17:36,           1-16,       3,       -14.978,       -82.024,         19431,      -1,    1,                                SN20_110,                                      ND,                 H2O, 1603153362.11,         0.293,         0.862,       162.463,        -0.001,         0.000,         3.855,        79.940,        18.931,         2.230,        85.742,         0.733,         2.018,        0.0000,        0.0000,    0,        40.000,         1,      16,       2,Picarro pre rinse,       0
    88,   P-12990,   2020/10/20 02:26:43,           1-16,       4,       -15.044,       -82.189,         19557,       0,    1,                                SN20_110,                                      ND,                 H2O, 1603153908.86,         0.258,         0.874,       164.958,        -0.001,         0.002,         3.913,        80.425,        19.053,         2.267,        86.832,         0.733,         2.050,       -0.0000,       -0.0000,    0,        40.000,         1,      16,       2,Picarro pre rinse,       0
    89,   P-12991,   2020/10/20 02:35:51,           1-17,       1,       -15.819,       -88.610,         20171,      -1,    1,                                SN20_120,                                      ND,                 H2O, 1603154457.51,         0.254,         0.932,       164.095,         0.002,         0.008,         3.875,        83.348,        19.489,         2.311,        89.445,         0.733,         2.155,        0.0000,        0.0000,    0,        40.000,         1,      17,       2,Picarro pre rinse,       0
    90,   P-12991,   2020/10/20 02:44:59,           1-17,       2,       -15.669,       -88.454,         20542,      -1,    1,                                SN20_120,                                      ND,                 H2O, 1603155005.49,         0.247,         0.812,       164.839,         0.000,         0.003,         3.892,        84.889,        20.693,         2.356,        89.413,         0.733,         2.012,        0.0000,        0.0000,    0,        40.000,         1,      17,       2,Picarro pre rinse,       0
    91,   P-12991,   2020/10/20 02:54:07,           1-17,       3,       -15.897,       -89.957,         19807,      -1,    1,                                SN20_120,                                      ND,                 H2O, 1603155552.58,         0.275,         0.903,       167.247,         0.001,         0.011,         3.969,        81.310,        19.666,         2.315,        88.135,         0.733,         2.180,        0.0000,        0.0000,    0,        40.000,         1,      17,       2,Picarro pre rinse,       0
    92,   P-12991,   2020/10/20 03:03:13,           1-17,       4,       -15.768,       -89.407,         19762,       0,    1,                                SN20_120,                                      ND,                 H2O, 1603156099.40,         0.247,         0.827,       159.148,         0.001,         0.001,         3.776,        81.792,        18.854,         2.240,        87.068,         0.733,         1.865,       -0.0000,       -0.0000,    0,        40.000,         1,      17,       2,Picarro pre rinse,       0
    93,   P-12992,   2020/10/20 03:12:21,           1-18,       1,       -16.326,       -89.816,         19404,      -1,    1,                                     TAP,                                 Control,                 H2O, 1603156647.04,         0.239,         0.819,       162.380,         0.001,         0.004,         3.854,        79.888,        18.835,         2.214,        85.430,         0.733,         1.969,        0.0000,        0.0000,    0,        40.000,         1,      18,       2,Picarro pre rinse,       0
    94,   P-12992,   2020/10/20 03:21:28,           1-18,       2,       -16.476,       -90.580,         19409,      -1,    1,                                     TAP,                                 Control,                 H2O, 1603157193.80,         0.241,         0.831,       159.638,         0.002,         0.006,         3.789,        79.876,        18.842,         2.230,        85.971,         0.733,         2.011,        0.0000,        0.0000,    0,        40.125,         1,      18,       2,Picarro pre rinse,       0
    95,   P-12992,   2020/10/20 03:30:37,           1-18,       3,       -16.544,       -91.164,         19269,      -1,    1,                                     TAP,                                 Control,                 H2O, 1603157742.81,         0.301,         0.996,       168.184,         0.004,         0.015,         3.992,        79.443,        18.983,         2.141,        83.369,         0.733,         1.651,        0.0000,        0.0000,    0,        40.000,         1,      18,       2,Picarro pre rinse,       0
    96,   P-12992,   2020/10/20 03:39:45,           1-18,       4,       -16.352,       -90.184,         19615,       0,    1,                                     TAP,                                 Control,                 H2O, 1603158290.66,         0.277,         0.930,       162.016,         0.002,         0.011,         3.844,        80.681,        19.222,         2.251,        86.371,         0.733,         1.993,        0.0000,        0.0000,    0,        41.188,         1,      18,       2,Picarro pre rinse,       0
    97,   P-12993,   2020/10/20 03:48:53,           1-19,       1,       -16.016,       -90.609,         19811,      -1,    1,                                SN20_130,                                      ND,                 H2O, 1603158839.27,         0.248,         0.971,       163.602,         0.001,         0.008,         3.864,        81.812,        18.791,         2.266,        88.053,         0.733,         2.019,        0.0000,        0.0000,    0,        40.375,         1,      19,       2,Picarro pre rinse,       0
    98,   P-12993,   2020/10/20 03:58:02,           1-19,       2,       -15.977,       -90.464,         19699,      -1,    1,                                SN20_130,                                      ND,                 H2O, 1603159387.81,         0.290,         0.887,       159.687,        -0.001,         0.002,         3.788,        80.949,        19.456,         2.236,        86.722,         0.733,         2.096,       -0.0000,       -0.0000,    0,        40.062,         1,      19,       2,Picarro pre rinse,       0
    99,   P-12993,   2020/10/20 04:07:09,           1-19,       3,       -15.966,       -90.533,         19822,      -1,    1,                                SN20_130,                                      ND,                 H2O, 1603159934.57,         0.253,         0.803,       161.204,        -0.000,         0.000,         3.826,        81.602,        19.733,         2.239,        86.316,         0.733,         1.792,        0.0000,        0.0000,    0,        40.000,         1,      19,       2,Picarro pre rinse,       0
   100,   P-12993,   2020/10/20 04:16:17,           1-19,       4,       -16.054,       -91.454,         19502,       0,    1,                                SN20_130,                                      ND,                 H2O, 1603160482.90,         0.283,         0.958,       162.397,         0.002,         0.010,         3.853,        80.388,        19.270,         2.191,        84.438,         0.733,         1.777,       -0.0000,       -0.0000,    0,        39.938,         1,      19,       2,Picarro pre rinse,       0
   101,   P-12994,   2020/10/20 04:25:26,           1-20,       1,       -15.234,       -84.893,         20018,      -1,    1,                               LRW200720,                                      ND,                 H2O, 1603161031.85,         0.272,         0.917,       161.147,         0.001,         0.009,         3.825,        82.642,        19.896,         2.257,        86.713,         0.733,         1.801,        0.0000,        0.0000,    0,        39.938,         1,      20,       2,Picarro pre rinse,       0
   102,   P-12994,   2020/10/20 04:34:33,           1-20,       2,       -15.088,       -83.528,         19561,      -1,    1,                               LRW200720,                                      ND,                 H2O, 1603161579.33,         0.266,         0.865,       161.336,         0.001,         0.004,         3.828,        80.474,        19.492,         2.196,        85.066,         0.733,         1.821,       -0.0000,       -0.0000,    0,        39.938,         1,      20,       2,Picarro pre rinse,       0
   103,   P-12994,   2020/10/20 04:43:40,           1-20,       3,       -15.029,       -82.503,         19715,      -1,    1,                               LRW200720,                                      ND,                 H2O, 1603162125.73,         0.255,         0.817,       161.741,        -0.001,         0.001,         3.838,        81.222,        19.387,         2.237,        86.524,         0.733,         1.870,        0.0000,        0.0000,    0,        40.312,         1,      20,       2,Picarro pre rinse,       0
   104,   P-12994,   2020/10/20 04:52:48,           1-20,       4,       -15.079,       -82.664,         19725,       0,    1,                               LRW200720,                                      ND,                 H2O, 1603162674.00,         0.253,         0.742,       159.982,        -0.000,        -0.000,         3.795,        81.280,        19.460,         2.210,        85.655,         0.733,         1.808,        0.0000,        0.0000,    0,        40.062,         1,      20,       2,Picarro pre rinse,       0
   105,   P-12995,   2020/10/20 05:01:56,           1-21,       1,       -13.483,       -69.820,         19443,      -1,    1,                               RHU16027,                                      ND,                 H2O, 1603163222.30,         0.260,         0.849,       160.684,        -0.001,        -0.004,         3.813,        79.695,        19.367,         2.201,        85.372,         0.733,         2.111,        0.0000,        0.0000,    0,        39.938,         1,      21,       2,Picarro pre rinse,       0
   106,   P-12995,   2020/10/20 05:11:05,           1-21,       2,       -13.235,       -67.029,         19420,      -1,    1,                               RHU16027,                                      ND,                 H2O, 1603163770.48,         0.254,         0.845,       156.101,        -0.001,        -0.002,         3.705,        79.791,        19.125,         2.161,        84.828,         0.733,         1.890,        0.0000,        0.0000,    0,        39.938,         1,      21,       2,Picarro pre rinse,       0
   107,   P-12995,   2020/10/20 05:20:13,           1-21,       3,       -13.247,       -66.877,         19435,      -1,    1,                               RHU16027,                                      ND,                 H2O, 1603164318.81,         0.246,         0.808,       158.814,         0.001,         0.002,         3.769,        80.102,        18.971,         2.154,        84.433,         0.733,         1.713,       -0.0000,       -0.0000,    0,        39.875,         1,      21,       2,Picarro pre rinse,       0
   108,   P-12995,   2020/10/20 05:29:22,           1-21,       4,       -13.221,       -65.898,         19425,       0,    1,                               RHU16027,                                      ND,                 H2O, 1603164867.59,         0.240,         0.828,       161.007,        -0.000,        -0.000,         3.821,        79.862,        19.088,         2.159,        84.295,         0.733,         1.674,        0.0000,        0.0000,    0,        39.875,         1,      21,       2,Picarro pre rinse,       0
   109,   P-12996,   2020/10/20 05:38:27,           1-22,       1,       -12.004,       -53.807,         21029,      -1,    1,                             DKR0420027,                                      ND,                 H2O, 1603165413.36,         0.287,         0.849,       167.492,         0.002,         0.010,         3.954,        87.598,        20.227,         2.345,        91.103,         0.733,         1.731,        0.0000,        0.0000,    0,        39.875,         1,      22,       2,Picarro pre rinse,       0
   110,   P-12996,   2020/10/20 05:47:33,           1-22,       2,       -11.815,       -50.789,         21133,      -1,    1,                             DKR0420027,                                      ND,                 H2O, 1603165959.06,         0.281,         0.836,       167.576,         0.002,         0.008,         3.937,        88.018,        20.250,         2.377,        92.488,         0.733,         1.802,       -0.0000,       -0.0000,    0,        39.812,         1,      22,       2,Picarro pre rinse,       0
   111,   P-12996,   2020/10/20 05:56:40,           1-22,       3,       -11.697,       -49.041,         20857,      -1,    1,                             DKR0420027,                                      ND,                 H2O, 1603166506.08,         0.241,         0.799,       161.594,        -0.000,        -0.001,         3.815,        86.464,        20.139,         2.421,        92.334,         0.733,         2.136,       -0.0000,       -0.0000,    0,        39.812,         1,      22,       2,Picarro pre rinse,       0
   112,   P-12996,   2020/10/20 06:05:47,           1-22,       4,       -11.797,       -49.578,         20473,       0,    1,                             DKR0420027,                                      ND,                 H2O, 1603167052.08,         0.276,         0.856,       161.118,         0.000,         0.002,         3.805,        84.787,        20.036,         2.297,        88.741,         0.733,         1.662,        0.0000,        0.0000,    0,        39.812,         1,      22,       2,Picarro pre rinse,       0
   113,   P-12997,   2020/10/20 06:14:52,           1-23,       1,       -15.625,       -80.001,         19507,      -1,    1,                          DKR2707090820,                                      ND,                 H2O, 1603167598.27,         0.260,         0.807,       157.988,        -0.000,        -0.002,         3.767,        80.243,        19.352,         2.167,        84.227,         0.733,         1.663,       -0.0000,       -0.0000,    0,        39.750,         1,      23,       2,Picarro pre rinse,       0
   114,   P-12997,   2020/10/20 06:24:00,           1-23,       2,       -16.272,       -87.021,         19540,      -1,    1,                          DKR2707090820,                                      ND,                 H2O, 1603168145.37,         0.256,         0.938,       160.651,         0.001,         0.010,         3.812,        80.469,        19.002,         2.191,        85.112,         0.733,         1.773,       -0.0000,       -0.0000,    0,        39.750,         1,      23,       2,Picarro pre rinse,       0
   115,   P-12997,   2020/10/20 06:33:07,           1-23,       3,       -16.277,       -88.605,         19343,      -1,    1,                          DKR2707090820,                                      ND,                 H2O, 1603168692.80,         0.234,         0.889,       161.408,         0.001,         0.010,         3.831,        79.654,        19.027,         2.140,        83.441,         0.733,         1.622,       -0.0000,       -0.0000,    0,        39.750,         1,      23,       2,Picarro pre rinse,       0
   116,   P-12997,   2020/10/20 06:42:15,           1-23,       4,       -16.220,       -89.009,         19580,       0,    1,                          DKR2707090820,                                      ND,                 H2O, 1603169240.68,         0.246,         0.867,       157.417,        -0.000,         0.002,         3.723,        80.898,        19.370,         2.088,        82.966,         0.728,         1.244,        0.0000,        0.0000,    0,        39.812,         1,      23,       2,Picarro pre rinse,       0
   117,   P-12998,   2020/10/20 06:51:22,           1-24,       1,       -11.119,       -51.231,         20273,      -1,    1,                             DKR2027027,                                      ND,                 H2O, 1603169788.30,         0.249,         0.815,       161.542,        -0.001,        -0.001,         3.816,        84.134,        19.888,         2.135,        86.773,         0.733,         1.321,        0.0000,        0.0000,    0,        39.812,         1,      24,       2,Picarro pre rinse,       0
   118,   P-12998,   2020/10/20 07:00:30,           1-24,       2,       -10.562,       -44.299,         19995,      -1,    1,                             DKR2027027,                                      ND,                 H2O, 1603170335.75,         0.272,         0.911,       159.602,        -0.000,        -0.005,         3.775,        82.594,        19.622,         2.186,        86.591,         0.728,         1.505,        0.0000,        0.0000,    0,        39.812,         1,      24,       2,Picarro pre rinse,       0
   119,   P-12998,   2020/10/20 07:09:36,           1-24,       3,       -10.516,       -42.819,         19822,      -1,    1,                             DKR2027027,                                      ND,                 H2O, 1603170881.51,         0.274,         0.909,       160.687,         0.001,         0.008,         3.815,        82.092,        19.090,         2.157,        85.649,         0.733,         1.353,       -0.0000,       -0.0000,    0,        39.812,         1,      24,       2,Picarro pre rinse,       0
   120,   P-12998,   2020/10/20 07:18:43,           1-24,       4,       -10.370,       -41.246,         20063,       0,    1,                             DKR2027027,                                      ND,                 H2O, 1603171429.23,         0.251,         0.876,       157.624,        -0.000,        -0.004,         3.721,        83.090,        19.207,         2.165,        87.403,         0.733,         1.534,        0.0000,        0.0000,    0,        39.750,         1,      24,       2,Picarro pre rinse,       0
   121,   P-12999,   2020/10/20 07:27:50,           1-25,       1,       -10.421,       -41.026,         21451,      -1,    1,                            DKR09250820,                                      ND,                 H2O, 1603171976.25,         0.255,         0.816,       162.945,        -0.001,        -0.002,         3.855,        89.865,        20.656,         2.289,        91.791,         0.728,         1.284,       -0.0000,       -0.0000,    0,        39.750,         1,      25,       2,Picarro pre rinse,       0
   122,   P-12999,   2020/10/20 07:36:57,           1-25,       2,       -10.401,       -40.626,         21156,      -1,    1,                            DKR09250820,                                      ND,                 H2O, 1603172523.45,         0.248,         0.792,       163.203,        -0.000,        -0.005,         3.835,        88.379,        20.203,         2.260,        91.645,         0.733,         1.442,       -0.0000,       -0.0000,    0,        39.750,         1,      25,       2,Picarro pre rinse,       0
   123,   P-12999,   2020/10/20 07:46:04,           1-25,       3,       -10.518,       -41.569,         20845,      -1,    1,                            DKR09250820,                                      ND,                 H2O, 1603173070.58,         0.265,         0.857,       161.928,         0.002,         0.007,         3.829,        87.025,        20.397,         2.181,        88.221,         0.728,         1.157,        0.0000,        0.0000,    0,        39.750,         1,      25,       2,Picarro pre rinse,       0
   124,   P-12999,   2020/10/20 07:55:11,           1-25,       4,       -10.347,       -40.683,         20634,       0,    1,                            DKR09250820,                                      ND,                 H2O, 1603173616.61,         0.263,         0.788,       159.547,         0.000,         0.002,         3.776,        86.362,        19.785,         2.153,        86.809,         0.728,         0.924,       -0.0000,       -0.0000,    0,        39.812,         1,      25,       2,Picarro pre rinse,       0
   125,   P-13000,   2020/10/20 08:04:17,           1-26,       1,       -10.145,       -36.742,         21118,      -1,    1,                            DKR08240920,                                      ND,                 H2O, 1603174163.23,         0.282,         0.865,       164.941,        -0.001,        -0.001,         3.884,        88.631,        19.789,         2.220,        90.270,         0.728,         1.139,       -0.0000,       -0.0000,    0,        39.812,         1,      26,       2,Picarro pre rinse,       0
   126,   P-13000,   2020/10/20 08:13:24,           1-26,       2,       -10.169,       -36.909,         20685,      -1,    1,                            DKR08240920,                                      ND,                 H2O, 1603174710.02,         0.262,         0.960,       163.228,         0.002,         0.011,         3.864,        86.995,        19.830,         2.043,        85.488,         0.728,         0.413,        0.0000,        0.0000,    0,        39.875,         1,      26,       2,Picarro pre rinse,       0
   127,   P-13000,   2020/10/20 08:22:31,           1-26,       3,       -10.055,       -35.874,         19879,      -1,    1,                            DKR08240920,                                      ND,                 H2O, 1603175257.20,         0.254,         0.863,       157.796,        -0.000,         0.001,         3.737,        83.294,        18.659,         1.986,        83.070,         0.727,         0.613,        0.0000,        0.0000,    0,        39.812,         1,      26,       2,Picarro pre rinse,       0
   128,   P-13000,   2020/10/20 08:31:37,           1-26,       4,       -10.081,       -36.078,         19808,       0,    1,                            DKR08240920,                                      ND,                 H2O, 1603175803.10,         0.265,         0.792,       158.637,        -0.000,        -0.000,         3.757,        83.037,        18.608,         1.990,        82.318,         0.727,         0.485,       -0.0000,       -0.0000,    0,        39.812,         1,      26,       2,Picarro pre rinse,       0
   129,   P-13001,   2020/10/20 08:40:45,           1-27,       1,       -15.249,       -77.305,         19329,      -1,    1,                                     TAP,                                 Control,                 H2O, 1603176351.33,         0.249,         0.878,       157.911,         0.000,         0.003,         3.759,        80.698,        18.423,         1.928,        80.494,         0.727,         0.437,        0.0000,        0.0000,    0,        39.812,         1,      27,       2,Picarro pre rinse,       0
   130,   P-13001,   2020/10/20 08:49:53,           1-27,       2,       -15.950,       -85.951,         19524,      -1,    1,                                     TAP,                                 Control,                 H2O, 1603176899.08,         0.250,         0.912,       158.273,        -0.001,         0.006,         3.750,        81.912,        18.664,         1.874,        79.393,         0.727,         0.199,       -0.0000,       -0.0000,    0,        39.875,         1,      27,       2,Picarro pre rinse,       0
   131,   P-13001,   2020/10/20 08:59:00,           1-27,       3,       -16.151,       -89.190,         19345,      -1,    1,                                     TAP,                                 Control,                 H2O, 1603177445.98,         0.282,         1.056,       159.531,         0.003,         0.014,         3.781,        80.993,        18.463,         1.840,        79.154,         0.727,         0.179,        0.0000,        0.0000,    0,        39.750,         1,      27,       2,Picarro pre rinse,       0
   132,   P-13001,   2020/10/20 09:08:08,           1-27,       4,       -16.249,       -89.613,         19696,       0,    1,                                     TAP,                                 Control,                 H2O, 1603177994.14,         0.264,         1.079,       160.909,         0.002,         0.013,         3.816,        82.306,        18.937,         1.937,        81.771,         0.726,         0.533,       -0.0000,       -0.0000,    0,        39.875,         1,      27,       2,Picarro pre rinse,       0
